ID,Name,Description,Media_Type,Download_URL,Path_In_Zip,Source
044,2,"Scan of page 2 of Vol. 1, Pt. 2",image/jpeg,https://dsal.uchicago.edu/books/lsi/images/lsi-v1-2-044.jpg,,LSIatDSAL
045,3,"Scan of page 3 of Vol. 1, Pt. 2",image/jpeg,https://dsal.uchicago.edu/books/lsi/images/lsi-v1-2-045.jpg,,LSIatDSAL
046,4,"Scan of page 4 of Vol. 1, Pt. 2",image/jpeg,https://dsal.uchicago.edu/books/lsi/images/lsi-v1-2-046.jpg,,LSIatDSAL
047,5,"Scan of page 5 of Vol. 1, Pt. 2",image/jpeg,https://dsal.uchicago.edu/books/lsi/images/lsi-v1-2-047.jpg,,LSIatDSAL
048,6,"Scan of page 6 of Vol. 1, Pt. 2",image/jpeg,https://dsal.uchicago.edu/books/lsi/images/lsi-v1-2-048.jpg,,LSIatDSAL
049,7,"Scan of page 7 of Vol. 1, Pt. 2",image/jpeg,https://dsal.uchicago.edu/books/lsi/images/lsi-v1-2-049.jpg,,LSIatDSAL
050,8,"Scan of page 8 of Vol. 1, Pt. 2",image/jpeg,https://dsal.uchicago.edu/books/lsi/images/lsi-v1-2-050.jpg,,LSIatDSAL
051,9,"Scan of page 9 of Vol. 1, Pt. 2",image/jpeg,https://dsal.uchicago.edu/books/lsi/images/lsi-v1-2-051.jpg,,LSIatDSAL
052,10,"Scan of page 10 of Vol. 1, Pt. 2",image/jpeg,https://dsal.uchicago.edu/books/lsi/images/lsi-v1-2-052.jpg,,LSIatDSAL
053,11,"Scan of page 11 of Vol. 1, Pt. 2",image/jpeg,https://dsal.uchicago.edu/books/lsi/images/lsi-v1-2-053.jpg,,LSIatDSAL
054,12,"Scan of page 12 of Vol. 1, Pt. 2",image/jpeg,https://dsal.uchicago.edu/books/lsi/images/lsi-v1-2-054.jpg,,LSIatDSAL
055,13,"Scan of page 13 of Vol. 1, Pt. 2",image/jpeg,https://dsal.uchicago.edu/books/lsi/images/lsi-v1-2-055.jpg,,LSIatDSAL
056,14,"Scan of page 14 of Vol. 1, Pt. 2",image/jpeg,https://dsal.uchicago.edu/books/lsi/images/lsi-v1-2-056.jpg,,LSIatDSAL
057,15,"Scan of page 15 of Vol. 1, Pt. 2",image/jpeg,https://dsal.uchicago.edu/books/lsi/images/lsi-v1-2-057.jpg,,LSIatDSAL
058,16,"Scan of page 16 of Vol. 1, Pt. 2",image/jpeg,https://dsal.uchicago.edu/books/lsi/images/lsi-v1-2-058.jpg,,LSIatDSAL
059,17,"Scan of page 17 of Vol. 1, Pt. 2",image/jpeg,https://dsal.uchicago.edu/books/lsi/images/lsi-v1-2-059.jpg,,LSIatDSAL
060,18,"Scan of page 18 of Vol. 1, Pt. 2",image/jpeg,https://dsal.uchicago.edu/books/lsi/images/lsi-v1-2-060.jpg,,LSIatDSAL
061,19,"Scan of page 19 of Vol. 1, Pt. 2",image/jpeg,https://dsal.uchicago.edu/books/lsi/images/lsi-v1-2-061.jpg,,LSIatDSAL
062,20,"Scan of page 20 of Vol. 1, Pt. 2",image/jpeg,https://dsal.uchicago.edu/books/lsi/images/lsi-v1-2-062.jpg,,LSIatDSAL
063,21,"Scan of page 21 of Vol. 1, Pt. 2",image/jpeg,https://dsal.uchicago.edu/books/lsi/images/lsi-v1-2-063.jpg,,LSIatDSAL
064,22,"Scan of page 22 of Vol. 1, Pt. 2",image/jpeg,https://dsal.uchicago.edu/books/lsi/images/lsi-v1-2-064.jpg,,LSIatDSAL
065,23,"Scan of page 23 of Vol. 1, Pt. 2",image/jpeg,https://dsal.uchicago.edu/books/lsi/images/lsi-v1-2-065.jpg,,LSIatDSAL
066,24,"Scan of page 24 of Vol. 1, Pt. 2",image/jpeg,https://dsal.uchicago.edu/books/lsi/images/lsi-v1-2-066.jpg,,LSIatDSAL
067,25,"Scan of page 25 of Vol. 1, Pt. 2",image/jpeg,https://dsal.uchicago.edu/books/lsi/images/lsi-v1-2-067.jpg,,LSIatDSAL
068,26,"Scan of page 26 of Vol. 1, Pt. 2",image/jpeg,https://dsal.uchicago.edu/books/lsi/images/lsi-v1-2-068.jpg,,LSIatDSAL
069,27,"Scan of page 27 of Vol. 1, Pt. 2",image/jpeg,https://dsal.uchicago.edu/books/lsi/images/lsi-v1-2-069.jpg,,LSIatDSAL
070,28,"Scan of page 28 of Vol. 1, Pt. 2",image/jpeg,https://dsal.uchicago.edu/books/lsi/images/lsi-v1-2-070.jpg,,LSIatDSAL
071,29,"Scan of page 29 of Vol. 1, Pt. 2",image/jpeg,https://dsal.uchicago.edu/books/lsi/images/lsi-v1-2-071.jpg,,LSIatDSAL
072,30,"Scan of page 30 of Vol. 1, Pt. 2",image/jpeg,https://dsal.uchicago.edu/books/lsi/images/lsi-v1-2-072.jpg,,LSIatDSAL
073,31,"Scan of page 31 of Vol. 1, Pt. 2",image/jpeg,https://dsal.uchicago.edu/books/lsi/images/lsi-v1-2-073.jpg,,LSIatDSAL
074,32,"Scan of page 32 of Vol. 1, Pt. 2",image/jpeg,https://dsal.uchicago.edu/books/lsi/images/lsi-v1-2-074.jpg,,LSIatDSAL
075,33,"Scan of page 33 of Vol. 1, Pt. 2",image/jpeg,https://dsal.uchicago.edu/books/lsi/images/lsi-v1-2-075.jpg,,LSIatDSAL
076,34,"Scan of page 34 of Vol. 1, Pt. 2",image/jpeg,https://dsal.uchicago.edu/books/lsi/images/lsi-v1-2-076.jpg,,LSIatDSAL
077,35,"Scan of page 35 of Vol. 1, Pt. 2",image/jpeg,https://dsal.uchicago.edu/books/lsi/images/lsi-v1-2-077.jpg,,LSIatDSAL
078,36,"Scan of page 36 of Vol. 1, Pt. 2",image/jpeg,https://dsal.uchicago.edu/books/lsi/images/lsi-v1-2-078.jpg,,LSIatDSAL
079,37,"Scan of page 37 of Vol. 1, Pt. 2",image/jpeg,https://dsal.uchicago.edu/books/lsi/images/lsi-v1-2-079.jpg,,LSIatDSAL
080,38,"Scan of page 38 of Vol. 1, Pt. 2",image/jpeg,https://dsal.uchicago.edu/books/lsi/images/lsi-v1-2-080.jpg,,LSIatDSAL
081,39,"Scan of page 39 of Vol. 1, Pt. 2",image/jpeg,https://dsal.uchicago.edu/books/lsi/images/lsi-v1-2-081.jpg,,LSIatDSAL
082,40,"Scan of page 40 of Vol. 1, Pt. 2",image/jpeg,https://dsal.uchicago.edu/books/lsi/images/lsi-v1-2-082.jpg,,LSIatDSAL
083,41,"Scan of page 41 of Vol. 1, Pt. 2",image/jpeg,https://dsal.uchicago.edu/books/lsi/images/lsi-v1-2-083.jpg,,LSIatDSAL
084,42,"Scan of page 42 of Vol. 1, Pt. 2",image/jpeg,https://dsal.uchicago.edu/books/lsi/images/lsi-v1-2-084.jpg,,LSIatDSAL
085,43,"Scan of page 43 of Vol. 1, Pt. 2",image/jpeg,https://dsal.uchicago.edu/books/lsi/images/lsi-v1-2-085.jpg,,LSIatDSAL
086,44,"Scan of page 44 of Vol. 1, Pt. 2",image/jpeg,https://dsal.uchicago.edu/books/lsi/images/lsi-v1-2-086.jpg,,LSIatDSAL
087,45,"Scan of page 45 of Vol. 1, Pt. 2",image/jpeg,https://dsal.uchicago.edu/books/lsi/images/lsi-v1-2-087.jpg,,LSIatDSAL
088,46,"Scan of page 46 of Vol. 1, Pt. 2",image/jpeg,https://dsal.uchicago.edu/books/lsi/images/lsi-v1-2-088.jpg,,LSIatDSAL
089,47,"Scan of page 47 of Vol. 1, Pt. 2",image/jpeg,https://dsal.uchicago.edu/books/lsi/images/lsi-v1-2-089.jpg,,LSIatDSAL
090,48,"Scan of page 48 of Vol. 1, Pt. 2",image/jpeg,https://dsal.uchicago.edu/books/lsi/images/lsi-v1-2-090.jpg,,LSIatDSAL
091,49,"Scan of page 49 of Vol. 1, Pt. 2",image/jpeg,https://dsal.uchicago.edu/books/lsi/images/lsi-v1-2-091.jpg,,LSIatDSAL
092,50,"Scan of page 50 of Vol. 1, Pt. 2",image/jpeg,https://dsal.uchicago.edu/books/lsi/images/lsi-v1-2-092.jpg,,LSIatDSAL
093,51,"Scan of page 51 of Vol. 1, Pt. 2",image/jpeg,https://dsal.uchicago.edu/books/lsi/images/lsi-v1-2-093.jpg,,LSIatDSAL
094,52,"Scan of page 52 of Vol. 1, Pt. 2",image/jpeg,https://dsal.uchicago.edu/books/lsi/images/lsi-v1-2-094.jpg,,LSIatDSAL
095,53,"Scan of page 53 of Vol. 1, Pt. 2",image/jpeg,https://dsal.uchicago.edu/books/lsi/images/lsi-v1-2-095.jpg,,LSIatDSAL
096,54,"Scan of page 54 of Vol. 1, Pt. 2",image/jpeg,https://dsal.uchicago.edu/books/lsi/images/lsi-v1-2-096.jpg,,LSIatDSAL
097,55,"Scan of page 55 of Vol. 1, Pt. 2",image/jpeg,https://dsal.uchicago.edu/books/lsi/images/lsi-v1-2-097.jpg,,LSIatDSAL
098,56,"Scan of page 56 of Vol. 1, Pt. 2",image/jpeg,https://dsal.uchicago.edu/books/lsi/images/lsi-v1-2-098.jpg,,LSIatDSAL
099,57,"Scan of page 57 of Vol. 1, Pt. 2",image/jpeg,https://dsal.uchicago.edu/books/lsi/images/lsi-v1-2-099.jpg,,LSIatDSAL
100,58,"Scan of page 58 of Vol. 1, Pt. 2",image/jpeg,https://dsal.uchicago.edu/books/lsi/images/lsi-v1-2-100.jpg,,LSIatDSAL
101,59,"Scan of page 59 of Vol. 1, Pt. 2",image/jpeg,https://dsal.uchicago.edu/books/lsi/images/lsi-v1-2-101.jpg,,LSIatDSAL
102,60,"Scan of page 60 of Vol. 1, Pt. 2",image/jpeg,https://dsal.uchicago.edu/books/lsi/images/lsi-v1-2-102.jpg,,LSIatDSAL
103,61,"Scan of page 61 of Vol. 1, Pt. 2",image/jpeg,https://dsal.uchicago.edu/books/lsi/images/lsi-v1-2-103.jpg,,LSIatDSAL
104,62,"Scan of page 62 of Vol. 1, Pt. 2",image/jpeg,https://dsal.uchicago.edu/books/lsi/images/lsi-v1-2-104.jpg,,LSIatDSAL
105,63,"Scan of page 63 of Vol. 1, Pt. 2",image/jpeg,https://dsal.uchicago.edu/books/lsi/images/lsi-v1-2-105.jpg,,LSIatDSAL
106,64,"Scan of page 64 of Vol. 1, Pt. 2",image/jpeg,https://dsal.uchicago.edu/books/lsi/images/lsi-v1-2-106.jpg,,LSIatDSAL
107,65,"Scan of page 65 of Vol. 1, Pt. 2",image/jpeg,https://dsal.uchicago.edu/books/lsi/images/lsi-v1-2-107.jpg,,LSIatDSAL
108,66,"Scan of page 66 of Vol. 1, Pt. 2",image/jpeg,https://dsal.uchicago.edu/books/lsi/images/lsi-v1-2-108.jpg,,LSIatDSAL
109,67,"Scan of page 67 of Vol. 1, Pt. 2",image/jpeg,https://dsal.uchicago.edu/books/lsi/images/lsi-v1-2-109.jpg,,LSIatDSAL
110,68,"Scan of page 68 of Vol. 1, Pt. 2",image/jpeg,https://dsal.uchicago.edu/books/lsi/images/lsi-v1-2-110.jpg,,LSIatDSAL
111,69,"Scan of page 69 of Vol. 1, Pt. 2",image/jpeg,https://dsal.uchicago.edu/books/lsi/images/lsi-v1-2-111.jpg,,LSIatDSAL
112,70,"Scan of page 70 of Vol. 1, Pt. 2",image/jpeg,https://dsal.uchicago.edu/books/lsi/images/lsi-v1-2-112.jpg,,LSIatDSAL
113,71,"Scan of page 71 of Vol. 1, Pt. 2",image/jpeg,https://dsal.uchicago.edu/books/lsi/images/lsi-v1-2-113.jpg,,LSIatDSAL
114,72,"Scan of page 72 of Vol. 1, Pt. 2",image/jpeg,https://dsal.uchicago.edu/books/lsi/images/lsi-v1-2-114.jpg,,LSIatDSAL
115,73,"Scan of page 73 of Vol. 1, Pt. 2",image/jpeg,https://dsal.uchicago.edu/books/lsi/images/lsi-v1-2-115.jpg,,LSIatDSAL
116,74,"Scan of page 74 of Vol. 1, Pt. 2",image/jpeg,https://dsal.uchicago.edu/books/lsi/images/lsi-v1-2-116.jpg,,LSIatDSAL
117,75,"Scan of page 75 of Vol. 1, Pt. 2",image/jpeg,https://dsal.uchicago.edu/books/lsi/images/lsi-v1-2-117.jpg,,LSIatDSAL
118,76,"Scan of page 76 of Vol. 1, Pt. 2",image/jpeg,https://dsal.uchicago.edu/books/lsi/images/lsi-v1-2-118.jpg,,LSIatDSAL
119,77,"Scan of page 77 of Vol. 1, Pt. 2",image/jpeg,https://dsal.uchicago.edu/books/lsi/images/lsi-v1-2-119.jpg,,LSIatDSAL
120,78,"Scan of page 78 of Vol. 1, Pt. 2",image/jpeg,https://dsal.uchicago.edu/books/lsi/images/lsi-v1-2-120.jpg,,LSIatDSAL
121,79,"Scan of page 79 of Vol. 1, Pt. 2",image/jpeg,https://dsal.uchicago.edu/books/lsi/images/lsi-v1-2-121.jpg,,LSIatDSAL
122,80,"Scan of page 80 of Vol. 1, Pt. 2",image/jpeg,https://dsal.uchicago.edu/books/lsi/images/lsi-v1-2-122.jpg,,LSIatDSAL
123,81,"Scan of page 81 of Vol. 1, Pt. 2",image/jpeg,https://dsal.uchicago.edu/books/lsi/images/lsi-v1-2-123.jpg,,LSIatDSAL
124,82,"Scan of page 82 of Vol. 1, Pt. 2",image/jpeg,https://dsal.uchicago.edu/books/lsi/images/lsi-v1-2-124.jpg,,LSIatDSAL
125,83,"Scan of page 83 of Vol. 1, Pt. 2",image/jpeg,https://dsal.uchicago.edu/books/lsi/images/lsi-v1-2-125.jpg,,LSIatDSAL
126,84,"Scan of page 84 of Vol. 1, Pt. 2",image/jpeg,https://dsal.uchicago.edu/books/lsi/images/lsi-v1-2-126.jpg,,LSIatDSAL
127,85,"Scan of page 85 of Vol. 1, Pt. 2",image/jpeg,https://dsal.uchicago.edu/books/lsi/images/lsi-v1-2-127.jpg,,LSIatDSAL
128,86,"Scan of page 86 of Vol. 1, Pt. 2",image/jpeg,https://dsal.uchicago.edu/books/lsi/images/lsi-v1-2-128.jpg,,LSIatDSAL
129,87,"Scan of page 87 of Vol. 1, Pt. 2",image/jpeg,https://dsal.uchicago.edu/books/lsi/images/lsi-v1-2-129.jpg,,LSIatDSAL
130,88,"Scan of page 88 of Vol. 1, Pt. 2",image/jpeg,https://dsal.uchicago.edu/books/lsi/images/lsi-v1-2-130.jpg,,LSIatDSAL
131,89,"Scan of page 89 of Vol. 1, Pt. 2",image/jpeg,https://dsal.uchicago.edu/books/lsi/images/lsi-v1-2-131.jpg,,LSIatDSAL
132,90,"Scan of page 90 of Vol. 1, Pt. 2",image/jpeg,https://dsal.uchicago.edu/books/lsi/images/lsi-v1-2-132.jpg,,LSIatDSAL
133,91,"Scan of page 91 of Vol. 1, Pt. 2",image/jpeg,https://dsal.uchicago.edu/books/lsi/images/lsi-v1-2-133.jpg,,LSIatDSAL
134,92,"Scan of page 92 of Vol. 1, Pt. 2",image/jpeg,https://dsal.uchicago.edu/books/lsi/images/lsi-v1-2-134.jpg,,LSIatDSAL
135,93,"Scan of page 93 of Vol. 1, Pt. 2",image/jpeg,https://dsal.uchicago.edu/books/lsi/images/lsi-v1-2-135.jpg,,LSIatDSAL
136,94,"Scan of page 94 of Vol. 1, Pt. 2",image/jpeg,https://dsal.uchicago.edu/books/lsi/images/lsi-v1-2-136.jpg,,LSIatDSAL
137,95,"Scan of page 95 of Vol. 1, Pt. 2",image/jpeg,https://dsal.uchicago.edu/books/lsi/images/lsi-v1-2-137.jpg,,LSIatDSAL
138,96,"Scan of page 96 of Vol. 1, Pt. 2",image/jpeg,https://dsal.uchicago.edu/books/lsi/images/lsi-v1-2-138.jpg,,LSIatDSAL
139,97,"Scan of page 97 of Vol. 1, Pt. 2",image/jpeg,https://dsal.uchicago.edu/books/lsi/images/lsi-v1-2-139.jpg,,LSIatDSAL
140,98,"Scan of page 98 of Vol. 1, Pt. 2",image/jpeg,https://dsal.uchicago.edu/books/lsi/images/lsi-v1-2-140.jpg,,LSIatDSAL
141,99,"Scan of page 99 of Vol. 1, Pt. 2",image/jpeg,https://dsal.uchicago.edu/books/lsi/images/lsi-v1-2-141.jpg,,LSIatDSAL
142,100,"Scan of page 100 of Vol. 1, Pt. 2",image/jpeg,https://dsal.uchicago.edu/books/lsi/images/lsi-v1-2-142.jpg,,LSIatDSAL
143,101,"Scan of page 101 of Vol. 1, Pt. 2",image/jpeg,https://dsal.uchicago.edu/books/lsi/images/lsi-v1-2-143.jpg,,LSIatDSAL
144,102,"Scan of page 102 of Vol. 1, Pt. 2",image/jpeg,https://dsal.uchicago.edu/books/lsi/images/lsi-v1-2-144.jpg,,LSIatDSAL
145,103,"Scan of page 103 of Vol. 1, Pt. 2",image/jpeg,https://dsal.uchicago.edu/books/lsi/images/lsi-v1-2-145.jpg,,LSIatDSAL
146,104,"Scan of page 104 of Vol. 1, Pt. 2",image/jpeg,https://dsal.uchicago.edu/books/lsi/images/lsi-v1-2-146.jpg,,LSIatDSAL
147,105,"Scan of page 105 of Vol. 1, Pt. 2",image/jpeg,https://dsal.uchicago.edu/books/lsi/images/lsi-v1-2-147.jpg,,LSIatDSAL
148,106,"Scan of page 106 of Vol. 1, Pt. 2",image/jpeg,https://dsal.uchicago.edu/books/lsi/images/lsi-v1-2-148.jpg,,LSIatDSAL
149,107,"Scan of page 107 of Vol. 1, Pt. 2",image/jpeg,https://dsal.uchicago.edu/books/lsi/images/lsi-v1-2-149.jpg,,LSIatDSAL
150,108,"Scan of page 108 of Vol. 1, Pt. 2",image/jpeg,https://dsal.uchicago.edu/books/lsi/images/lsi-v1-2-150.jpg,,LSIatDSAL
151,109,"Scan of page 109 of Vol. 1, Pt. 2",image/jpeg,https://dsal.uchicago.edu/books/lsi/images/lsi-v1-2-151.jpg,,LSIatDSAL
152,110,"Scan of page 110 of Vol. 1, Pt. 2",image/jpeg,https://dsal.uchicago.edu/books/lsi/images/lsi-v1-2-152.jpg,,LSIatDSAL
153,111,"Scan of page 111 of Vol. 1, Pt. 2",image/jpeg,https://dsal.uchicago.edu/books/lsi/images/lsi-v1-2-153.jpg,,LSIatDSAL
154,112,"Scan of page 112 of Vol. 1, Pt. 2",image/jpeg,https://dsal.uchicago.edu/books/lsi/images/lsi-v1-2-154.jpg,,LSIatDSAL
155,113,"Scan of page 113 of Vol. 1, Pt. 2",image/jpeg,https://dsal.uchicago.edu/books/lsi/images/lsi-v1-2-155.jpg,,LSIatDSAL
156,114,"Scan of page 114 of Vol. 1, Pt. 2",image/jpeg,https://dsal.uchicago.edu/books/lsi/images/lsi-v1-2-156.jpg,,LSIatDSAL
157,115,"Scan of page 115 of Vol. 1, Pt. 2",image/jpeg,https://dsal.uchicago.edu/books/lsi/images/lsi-v1-2-157.jpg,,LSIatDSAL
158,116,"Scan of page 116 of Vol. 1, Pt. 2",image/jpeg,https://dsal.uchicago.edu/books/lsi/images/lsi-v1-2-158.jpg,,LSIatDSAL
159,117,"Scan of page 117 of Vol. 1, Pt. 2",image/jpeg,https://dsal.uchicago.edu/books/lsi/images/lsi-v1-2-159.jpg,,LSIatDSAL
160,118,"Scan of page 118 of Vol. 1, Pt. 2",image/jpeg,https://dsal.uchicago.edu/books/lsi/images/lsi-v1-2-160.jpg,,LSIatDSAL
161,119,"Scan of page 119 of Vol. 1, Pt. 2",image/jpeg,https://dsal.uchicago.edu/books/lsi/images/lsi-v1-2-161.jpg,,LSIatDSAL
162,120,"Scan of page 120 of Vol. 1, Pt. 2",image/jpeg,https://dsal.uchicago.edu/books/lsi/images/lsi-v1-2-162.jpg,,LSIatDSAL
163,121,"Scan of page 121 of Vol. 1, Pt. 2",image/jpeg,https://dsal.uchicago.edu/books/lsi/images/lsi-v1-2-163.jpg,,LSIatDSAL
164,122,"Scan of page 122 of Vol. 1, Pt. 2",image/jpeg,https://dsal.uchicago.edu/books/lsi/images/lsi-v1-2-164.jpg,,LSIatDSAL
165,123,"Scan of page 123 of Vol. 1, Pt. 2",image/jpeg,https://dsal.uchicago.edu/books/lsi/images/lsi-v1-2-165.jpg,,LSIatDSAL
166,124,"Scan of page 124 of Vol. 1, Pt. 2",image/jpeg,https://dsal.uchicago.edu/books/lsi/images/lsi-v1-2-166.jpg,,LSIatDSAL
167,125,"Scan of page 125 of Vol. 1, Pt. 2",image/jpeg,https://dsal.uchicago.edu/books/lsi/images/lsi-v1-2-167.jpg,,LSIatDSAL
168,126,"Scan of page 126 of Vol. 1, Pt. 2",image/jpeg,https://dsal.uchicago.edu/books/lsi/images/lsi-v1-2-168.jpg,,LSIatDSAL
169,127,"Scan of page 127 of Vol. 1, Pt. 2",image/jpeg,https://dsal.uchicago.edu/books/lsi/images/lsi-v1-2-169.jpg,,LSIatDSAL
170,128,"Scan of page 128 of Vol. 1, Pt. 2",image/jpeg,https://dsal.uchicago.edu/books/lsi/images/lsi-v1-2-170.jpg,,LSIatDSAL
171,129,"Scan of page 129 of Vol. 1, Pt. 2",image/jpeg,https://dsal.uchicago.edu/books/lsi/images/lsi-v1-2-171.jpg,,LSIatDSAL
172,130,"Scan of page 130 of Vol. 1, Pt. 2",image/jpeg,https://dsal.uchicago.edu/books/lsi/images/lsi-v1-2-172.jpg,,LSIatDSAL
173,131,"Scan of page 131 of Vol. 1, Pt. 2",image/jpeg,https://dsal.uchicago.edu/books/lsi/images/lsi-v1-2-173.jpg,,LSIatDSAL
174,132,"Scan of page 132 of Vol. 1, Pt. 2",image/jpeg,https://dsal.uchicago.edu/books/lsi/images/lsi-v1-2-174.jpg,,LSIatDSAL
175,133,"Scan of page 133 of Vol. 1, Pt. 2",image/jpeg,https://dsal.uchicago.edu/books/lsi/images/lsi-v1-2-175.jpg,,LSIatDSAL
176,134,"Scan of page 134 of Vol. 1, Pt. 2",image/jpeg,https://dsal.uchicago.edu/books/lsi/images/lsi-v1-2-176.jpg,,LSIatDSAL
177,135,"Scan of page 135 of Vol. 1, Pt. 2",image/jpeg,https://dsal.uchicago.edu/books/lsi/images/lsi-v1-2-177.jpg,,LSIatDSAL
178,136,"Scan of page 136 of Vol. 1, Pt. 2",image/jpeg,https://dsal.uchicago.edu/books/lsi/images/lsi-v1-2-178.jpg,,LSIatDSAL
179,137,"Scan of page 137 of Vol. 1, Pt. 2",image/jpeg,https://dsal.uchicago.edu/books/lsi/images/lsi-v1-2-179.jpg,,LSIatDSAL
180,138,"Scan of page 138 of Vol. 1, Pt. 2",image/jpeg,https://dsal.uchicago.edu/books/lsi/images/lsi-v1-2-180.jpg,,LSIatDSAL
181,139,"Scan of page 139 of Vol. 1, Pt. 2",image/jpeg,https://dsal.uchicago.edu/books/lsi/images/lsi-v1-2-181.jpg,,LSIatDSAL
182,140,"Scan of page 140 of Vol. 1, Pt. 2",image/jpeg,https://dsal.uchicago.edu/books/lsi/images/lsi-v1-2-182.jpg,,LSIatDSAL
183,141,"Scan of page 141 of Vol. 1, Pt. 2",image/jpeg,https://dsal.uchicago.edu/books/lsi/images/lsi-v1-2-183.jpg,,LSIatDSAL
184,142,"Scan of page 142 of Vol. 1, Pt. 2",image/jpeg,https://dsal.uchicago.edu/books/lsi/images/lsi-v1-2-184.jpg,,LSIatDSAL
185,143,"Scan of page 143 of Vol. 1, Pt. 2",image/jpeg,https://dsal.uchicago.edu/books/lsi/images/lsi-v1-2-185.jpg,,LSIatDSAL
186,144,"Scan of page 144 of Vol. 1, Pt. 2",image/jpeg,https://dsal.uchicago.edu/books/lsi/images/lsi-v1-2-186.jpg,,LSIatDSAL
187,145,"Scan of page 145 of Vol. 1, Pt. 2",image/jpeg,https://dsal.uchicago.edu/books/lsi/images/lsi-v1-2-187.jpg,,LSIatDSAL
188,146,"Scan of page 146 of Vol. 1, Pt. 2",image/jpeg,https://dsal.uchicago.edu/books/lsi/images/lsi-v1-2-188.jpg,,LSIatDSAL
189,147,"Scan of page 147 of Vol. 1, Pt. 2",image/jpeg,https://dsal.uchicago.edu/books/lsi/images/lsi-v1-2-189.jpg,,LSIatDSAL
190,148,"Scan of page 148 of Vol. 1, Pt. 2",image/jpeg,https://dsal.uchicago.edu/books/lsi/images/lsi-v1-2-190.jpg,,LSIatDSAL
191,149,"Scan of page 149 of Vol. 1, Pt. 2",image/jpeg,https://dsal.uchicago.edu/books/lsi/images/lsi-v1-2-191.jpg,,LSIatDSAL
192,150,"Scan of page 150 of Vol. 1, Pt. 2",image/jpeg,https://dsal.uchicago.edu/books/lsi/images/lsi-v1-2-192.jpg,,LSIatDSAL
193,151,"Scan of page 151 of Vol. 1, Pt. 2",image/jpeg,https://dsal.uchicago.edu/books/lsi/images/lsi-v1-2-193.jpg,,LSIatDSAL
194,152,"Scan of page 152 of Vol. 1, Pt. 2",image/jpeg,https://dsal.uchicago.edu/books/lsi/images/lsi-v1-2-194.jpg,,LSIatDSAL
195,153,"Scan of page 153 of Vol. 1, Pt. 2",image/jpeg,https://dsal.uchicago.edu/books/lsi/images/lsi-v1-2-195.jpg,,LSIatDSAL
196,154,"Scan of page 154 of Vol. 1, Pt. 2",image/jpeg,https://dsal.uchicago.edu/books/lsi/images/lsi-v1-2-196.jpg,,LSIatDSAL
197,155,"Scan of page 155 of Vol. 1, Pt. 2",image/jpeg,https://dsal.uchicago.edu/books/lsi/images/lsi-v1-2-197.jpg,,LSIatDSAL
198,156,"Scan of page 156 of Vol. 1, Pt. 2",image/jpeg,https://dsal.uchicago.edu/books/lsi/images/lsi-v1-2-198.jpg,,LSIatDSAL
199,157,"Scan of page 157 of Vol. 1, Pt. 2",image/jpeg,https://dsal.uchicago.edu/books/lsi/images/lsi-v1-2-199.jpg,,LSIatDSAL
200,158,"Scan of page 158 of Vol. 1, Pt. 2",image/jpeg,https://dsal.uchicago.edu/books/lsi/images/lsi-v1-2-200.jpg,,LSIatDSAL
201,159,"Scan of page 159 of Vol. 1, Pt. 2",image/jpeg,https://dsal.uchicago.edu/books/lsi/images/lsi-v1-2-201.jpg,,LSIatDSAL
202,160,"Scan of page 160 of Vol. 1, Pt. 2",image/jpeg,https://dsal.uchicago.edu/books/lsi/images/lsi-v1-2-202.jpg,,LSIatDSAL
203,161,"Scan of page 161 of Vol. 1, Pt. 2",image/jpeg,https://dsal.uchicago.edu/books/lsi/images/lsi-v1-2-203.jpg,,LSIatDSAL
204,162,"Scan of page 162 of Vol. 1, Pt. 2",image/jpeg,https://dsal.uchicago.edu/books/lsi/images/lsi-v1-2-204.jpg,,LSIatDSAL
205,163,"Scan of page 163 of Vol. 1, Pt. 2",image/jpeg,https://dsal.uchicago.edu/books/lsi/images/lsi-v1-2-205.jpg,,LSIatDSAL
206,164,"Scan of page 164 of Vol. 1, Pt. 2",image/jpeg,https://dsal.uchicago.edu/books/lsi/images/lsi-v1-2-206.jpg,,LSIatDSAL
207,165,"Scan of page 165 of Vol. 1, Pt. 2",image/jpeg,https://dsal.uchicago.edu/books/lsi/images/lsi-v1-2-207.jpg,,LSIatDSAL
208,166,"Scan of page 166 of Vol. 1, Pt. 2",image/jpeg,https://dsal.uchicago.edu/books/lsi/images/lsi-v1-2-208.jpg,,LSIatDSAL
209,167,"Scan of page 167 of Vol. 1, Pt. 2",image/jpeg,https://dsal.uchicago.edu/books/lsi/images/lsi-v1-2-209.jpg,,LSIatDSAL
210,168,"Scan of page 168 of Vol. 1, Pt. 2",image/jpeg,https://dsal.uchicago.edu/books/lsi/images/lsi-v1-2-210.jpg,,LSIatDSAL
211,169,"Scan of page 169 of Vol. 1, Pt. 2",image/jpeg,https://dsal.uchicago.edu/books/lsi/images/lsi-v1-2-211.jpg,,LSIatDSAL
212,170,"Scan of page 170 of Vol. 1, Pt. 2",image/jpeg,https://dsal.uchicago.edu/books/lsi/images/lsi-v1-2-212.jpg,,LSIatDSAL
213,171,"Scan of page 171 of Vol. 1, Pt. 2",image/jpeg,https://dsal.uchicago.edu/books/lsi/images/lsi-v1-2-213.jpg,,LSIatDSAL
214,172,"Scan of page 172 of Vol. 1, Pt. 2",image/jpeg,https://dsal.uchicago.edu/books/lsi/images/lsi-v1-2-214.jpg,,LSIatDSAL
215,173,"Scan of page 173 of Vol. 1, Pt. 2",image/jpeg,https://dsal.uchicago.edu/books/lsi/images/lsi-v1-2-215.jpg,,LSIatDSAL
216,174,"Scan of page 174 of Vol. 1, Pt. 2",image/jpeg,https://dsal.uchicago.edu/books/lsi/images/lsi-v1-2-216.jpg,,LSIatDSAL
217,175,"Scan of page 175 of Vol. 1, Pt. 2",image/jpeg,https://dsal.uchicago.edu/books/lsi/images/lsi-v1-2-217.jpg,,LSIatDSAL
218,176,"Scan of page 176 of Vol. 1, Pt. 2",image/jpeg,https://dsal.uchicago.edu/books/lsi/images/lsi-v1-2-218.jpg,,LSIatDSAL
219,177,"Scan of page 177 of Vol. 1, Pt. 2",image/jpeg,https://dsal.uchicago.edu/books/lsi/images/lsi-v1-2-219.jpg,,LSIatDSAL
220,178,"Scan of page 178 of Vol. 1, Pt. 2",image/jpeg,https://dsal.uchicago.edu/books/lsi/images/lsi-v1-2-220.jpg,,LSIatDSAL
221,179,"Scan of page 179 of Vol. 1, Pt. 2",image/jpeg,https://dsal.uchicago.edu/books/lsi/images/lsi-v1-2-221.jpg,,LSIatDSAL
222,180,"Scan of page 180 of Vol. 1, Pt. 2",image/jpeg,https://dsal.uchicago.edu/books/lsi/images/lsi-v1-2-222.jpg,,LSIatDSAL
223,181,"Scan of page 181 of Vol. 1, Pt. 2",image/jpeg,https://dsal.uchicago.edu/books/lsi/images/lsi-v1-2-223.jpg,,LSIatDSAL
224,182,"Scan of page 182 of Vol. 1, Pt. 2",image/jpeg,https://dsal.uchicago.edu/books/lsi/images/lsi-v1-2-224.jpg,,LSIatDSAL
225,183,"Scan of page 183 of Vol. 1, Pt. 2",image/jpeg,https://dsal.uchicago.edu/books/lsi/images/lsi-v1-2-225.jpg,,LSIatDSAL
226,184,"Scan of page 184 of Vol. 1, Pt. 2",image/jpeg,https://dsal.uchicago.edu/books/lsi/images/lsi-v1-2-226.jpg,,LSIatDSAL
227,185,"Scan of page 185 of Vol. 1, Pt. 2",image/jpeg,https://dsal.uchicago.edu/books/lsi/images/lsi-v1-2-227.jpg,,LSIatDSAL
228,186,"Scan of page 186 of Vol. 1, Pt. 2",image/jpeg,https://dsal.uchicago.edu/books/lsi/images/lsi-v1-2-228.jpg,,LSIatDSAL
229,187,"Scan of page 187 of Vol. 1, Pt. 2",image/jpeg,https://dsal.uchicago.edu/books/lsi/images/lsi-v1-2-229.jpg,,LSIatDSAL
230,188,"Scan of page 188 of Vol. 1, Pt. 2",image/jpeg,https://dsal.uchicago.edu/books/lsi/images/lsi-v1-2-230.jpg,,LSIatDSAL
231,189,"Scan of page 189 of Vol. 1, Pt. 2",image/jpeg,https://dsal.uchicago.edu/books/lsi/images/lsi-v1-2-231.jpg,,LSIatDSAL
232,190,"Scan of page 190 of Vol. 1, Pt. 2",image/jpeg,https://dsal.uchicago.edu/books/lsi/images/lsi-v1-2-232.jpg,,LSIatDSAL
233,191,"Scan of page 191 of Vol. 1, Pt. 2",image/jpeg,https://dsal.uchicago.edu/books/lsi/images/lsi-v1-2-233.jpg,,LSIatDSAL
234,192,"Scan of page 192 of Vol. 1, Pt. 2",image/jpeg,https://dsal.uchicago.edu/books/lsi/images/lsi-v1-2-234.jpg,,LSIatDSAL
235,193,"Scan of page 193 of Vol. 1, Pt. 2",image/jpeg,https://dsal.uchicago.edu/books/lsi/images/lsi-v1-2-235.jpg,,LSIatDSAL
236,194,"Scan of page 194 of Vol. 1, Pt. 2",image/jpeg,https://dsal.uchicago.edu/books/lsi/images/lsi-v1-2-236.jpg,,LSIatDSAL
237,195,"Scan of page 195 of Vol. 1, Pt. 2",image/jpeg,https://dsal.uchicago.edu/books/lsi/images/lsi-v1-2-237.jpg,,LSIatDSAL
238,196,"Scan of page 196 of Vol. 1, Pt. 2",image/jpeg,https://dsal.uchicago.edu/books/lsi/images/lsi-v1-2-238.jpg,,LSIatDSAL
239,197,"Scan of page 197 of Vol. 1, Pt. 2",image/jpeg,https://dsal.uchicago.edu/books/lsi/images/lsi-v1-2-239.jpg,,LSIatDSAL
240,198,"Scan of page 198 of Vol. 1, Pt. 2",image/jpeg,https://dsal.uchicago.edu/books/lsi/images/lsi-v1-2-240.jpg,,LSIatDSAL
241,199,"Scan of page 199 of Vol. 1, Pt. 2",image/jpeg,https://dsal.uchicago.edu/books/lsi/images/lsi-v1-2-241.jpg,,LSIatDSAL
242,200,"Scan of page 200 of Vol. 1, Pt. 2",image/jpeg,https://dsal.uchicago.edu/books/lsi/images/lsi-v1-2-242.jpg,,LSIatDSAL
243,201,"Scan of page 201 of Vol. 1, Pt. 2",image/jpeg,https://dsal.uchicago.edu/books/lsi/images/lsi-v1-2-243.jpg,,LSIatDSAL
244,202,"Scan of page 202 of Vol. 1, Pt. 2",image/jpeg,https://dsal.uchicago.edu/books/lsi/images/lsi-v1-2-244.jpg,,LSIatDSAL
245,203,"Scan of page 203 of Vol. 1, Pt. 2",image/jpeg,https://dsal.uchicago.edu/books/lsi/images/lsi-v1-2-245.jpg,,LSIatDSAL
246,204,"Scan of page 204 of Vol. 1, Pt. 2",image/jpeg,https://dsal.uchicago.edu/books/lsi/images/lsi-v1-2-246.jpg,,LSIatDSAL
247,205,"Scan of page 205 of Vol. 1, Pt. 2",image/jpeg,https://dsal.uchicago.edu/books/lsi/images/lsi-v1-2-247.jpg,,LSIatDSAL
248,206,"Scan of page 206 of Vol. 1, Pt. 2",image/jpeg,https://dsal.uchicago.edu/books/lsi/images/lsi-v1-2-248.jpg,,LSIatDSAL
249,207,"Scan of page 207 of Vol. 1, Pt. 2",image/jpeg,https://dsal.uchicago.edu/books/lsi/images/lsi-v1-2-249.jpg,,LSIatDSAL
250,208,"Scan of page 208 of Vol. 1, Pt. 2",image/jpeg,https://dsal.uchicago.edu/books/lsi/images/lsi-v1-2-250.jpg,,LSIatDSAL
251,209,"Scan of page 209 of Vol. 1, Pt. 2",image/jpeg,https://dsal.uchicago.edu/books/lsi/images/lsi-v1-2-251.jpg,,LSIatDSAL
252,210,"Scan of page 210 of Vol. 1, Pt. 2",image/jpeg,https://dsal.uchicago.edu/books/lsi/images/lsi-v1-2-252.jpg,,LSIatDSAL
253,211,"Scan of page 211 of Vol. 1, Pt. 2",image/jpeg,https://dsal.uchicago.edu/books/lsi/images/lsi-v1-2-253.jpg,,LSIatDSAL
254,212,"Scan of page 212 of Vol. 1, Pt. 2",image/jpeg,https://dsal.uchicago.edu/books/lsi/images/lsi-v1-2-254.jpg,,LSIatDSAL
255,213,"Scan of page 213 of Vol. 1, Pt. 2",image/jpeg,https://dsal.uchicago.edu/books/lsi/images/lsi-v1-2-255.jpg,,LSIatDSAL
256,214,"Scan of page 214 of Vol. 1, Pt. 2",image/jpeg,https://dsal.uchicago.edu/books/lsi/images/lsi-v1-2-256.jpg,,LSIatDSAL
257,215,"Scan of page 215 of Vol. 1, Pt. 2",image/jpeg,https://dsal.uchicago.edu/books/lsi/images/lsi-v1-2-257.jpg,,LSIatDSAL
258,216,"Scan of page 216 of Vol. 1, Pt. 2",image/jpeg,https://dsal.uchicago.edu/books/lsi/images/lsi-v1-2-258.jpg,,LSIatDSAL
259,217,"Scan of page 217 of Vol. 1, Pt. 2",image/jpeg,https://dsal.uchicago.edu/books/lsi/images/lsi-v1-2-259.jpg,,LSIatDSAL
260,218,"Scan of page 218 of Vol. 1, Pt. 2",image/jpeg,https://dsal.uchicago.edu/books/lsi/images/lsi-v1-2-260.jpg,,LSIatDSAL
261,219,"Scan of page 219 of Vol. 1, Pt. 2",image/jpeg,https://dsal.uchicago.edu/books/lsi/images/lsi-v1-2-261.jpg,,LSIatDSAL
262,220,"Scan of page 220 of Vol. 1, Pt. 2",image/jpeg,https://dsal.uchicago.edu/books/lsi/images/lsi-v1-2-262.jpg,,LSIatDSAL
263,221,"Scan of page 221 of Vol. 1, Pt. 2",image/jpeg,https://dsal.uchicago.edu/books/lsi/images/lsi-v1-2-263.jpg,,LSIatDSAL
264,222,"Scan of page 222 of Vol. 1, Pt. 2",image/jpeg,https://dsal.uchicago.edu/books/lsi/images/lsi-v1-2-264.jpg,,LSIatDSAL
265,223,"Scan of page 223 of Vol. 1, Pt. 2",image/jpeg,https://dsal.uchicago.edu/books/lsi/images/lsi-v1-2-265.jpg,,LSIatDSAL
266,224,"Scan of page 224 of Vol. 1, Pt. 2",image/jpeg,https://dsal.uchicago.edu/books/lsi/images/lsi-v1-2-266.jpg,,LSIatDSAL
267,225,"Scan of page 225 of Vol. 1, Pt. 2",image/jpeg,https://dsal.uchicago.edu/books/lsi/images/lsi-v1-2-267.jpg,,LSIatDSAL
268,226,"Scan of page 226 of Vol. 1, Pt. 2",image/jpeg,https://dsal.uchicago.edu/books/lsi/images/lsi-v1-2-268.jpg,,LSIatDSAL
269,227,"Scan of page 227 of Vol. 1, Pt. 2",image/jpeg,https://dsal.uchicago.edu/books/lsi/images/lsi-v1-2-269.jpg,,LSIatDSAL
270,228,"Scan of page 228 of Vol. 1, Pt. 2",image/jpeg,https://dsal.uchicago.edu/books/lsi/images/lsi-v1-2-270.jpg,,LSIatDSAL
271,229,"Scan of page 229 of Vol. 1, Pt. 2",image/jpeg,https://dsal.uchicago.edu/books/lsi/images/lsi-v1-2-271.jpg,,LSIatDSAL
272,230,"Scan of page 230 of Vol. 1, Pt. 2",image/jpeg,https://dsal.uchicago.edu/books/lsi/images/lsi-v1-2-272.jpg,,LSIatDSAL
273,231,"Scan of page 231 of Vol. 1, Pt. 2",image/jpeg,https://dsal.uchicago.edu/books/lsi/images/lsi-v1-2-273.jpg,,LSIatDSAL
274,232,"Scan of page 232 of Vol. 1, Pt. 2",image/jpeg,https://dsal.uchicago.edu/books/lsi/images/lsi-v1-2-274.jpg,,LSIatDSAL
275,233,"Scan of page 233 of Vol. 1, Pt. 2",image/jpeg,https://dsal.uchicago.edu/books/lsi/images/lsi-v1-2-275.jpg,,LSIatDSAL
276,234,"Scan of page 234 of Vol. 1, Pt. 2",image/jpeg,https://dsal.uchicago.edu/books/lsi/images/lsi-v1-2-276.jpg,,LSIatDSAL
277,235,"Scan of page 235 of Vol. 1, Pt. 2",image/jpeg,https://dsal.uchicago.edu/books/lsi/images/lsi-v1-2-277.jpg,,LSIatDSAL
278,236,"Scan of page 236 of Vol. 1, Pt. 2",image/jpeg,https://dsal.uchicago.edu/books/lsi/images/lsi-v1-2-278.jpg,,LSIatDSAL
279,237,"Scan of page 237 of Vol. 1, Pt. 2",image/jpeg,https://dsal.uchicago.edu/books/lsi/images/lsi-v1-2-279.jpg,,LSIatDSAL
280,238,"Scan of page 238 of Vol. 1, Pt. 2",image/jpeg,https://dsal.uchicago.edu/books/lsi/images/lsi-v1-2-280.jpg,,LSIatDSAL
281,239,"Scan of page 239 of Vol. 1, Pt. 2",image/jpeg,https://dsal.uchicago.edu/books/lsi/images/lsi-v1-2-281.jpg,,LSIatDSAL
282,240,"Scan of page 240 of Vol. 1, Pt. 2",image/jpeg,https://dsal.uchicago.edu/books/lsi/images/lsi-v1-2-282.jpg,,LSIatDSAL
283,241,"Scan of page 241 of Vol. 1, Pt. 2",image/jpeg,https://dsal.uchicago.edu/books/lsi/images/lsi-v1-2-283.jpg,,LSIatDSAL
284,242,"Scan of page 242 of Vol. 1, Pt. 2",image/jpeg,https://dsal.uchicago.edu/books/lsi/images/lsi-v1-2-284.jpg,,LSIatDSAL
285,243,"Scan of page 243 of Vol. 1, Pt. 2",image/jpeg,https://dsal.uchicago.edu/books/lsi/images/lsi-v1-2-285.jpg,,LSIatDSAL
286,244,"Scan of page 244 of Vol. 1, Pt. 2",image/jpeg,https://dsal.uchicago.edu/books/lsi/images/lsi-v1-2-286.jpg,,LSIatDSAL
287,245,"Scan of page 245 of Vol. 1, Pt. 2",image/jpeg,https://dsal.uchicago.edu/books/lsi/images/lsi-v1-2-287.jpg,,LSIatDSAL
288,246,"Scan of page 246 of Vol. 1, Pt. 2",image/jpeg,https://dsal.uchicago.edu/books/lsi/images/lsi-v1-2-288.jpg,,LSIatDSAL
289,247,"Scan of page 247 of Vol. 1, Pt. 2",image/jpeg,https://dsal.uchicago.edu/books/lsi/images/lsi-v1-2-289.jpg,,LSIatDSAL
290,248,"Scan of page 248 of Vol. 1, Pt. 2",image/jpeg,https://dsal.uchicago.edu/books/lsi/images/lsi-v1-2-290.jpg,,LSIatDSAL
291,249,"Scan of page 249 of Vol. 1, Pt. 2",image/jpeg,https://dsal.uchicago.edu/books/lsi/images/lsi-v1-2-291.jpg,,LSIatDSAL
292,250,"Scan of page 250 of Vol. 1, Pt. 2",image/jpeg,https://dsal.uchicago.edu/books/lsi/images/lsi-v1-2-292.jpg,,LSIatDSAL
293,251,"Scan of page 251 of Vol. 1, Pt. 2",image/jpeg,https://dsal.uchicago.edu/books/lsi/images/lsi-v1-2-293.jpg,,LSIatDSAL
294,252,"Scan of page 252 of Vol. 1, Pt. 2",image/jpeg,https://dsal.uchicago.edu/books/lsi/images/lsi-v1-2-294.jpg,,LSIatDSAL
295,253,"Scan of page 253 of Vol. 1, Pt. 2",image/jpeg,https://dsal.uchicago.edu/books/lsi/images/lsi-v1-2-295.jpg,,LSIatDSAL
296,254,"Scan of page 254 of Vol. 1, Pt. 2",image/jpeg,https://dsal.uchicago.edu/books/lsi/images/lsi-v1-2-296.jpg,,LSIatDSAL
297,255,"Scan of page 255 of Vol. 1, Pt. 2",image/jpeg,https://dsal.uchicago.edu/books/lsi/images/lsi-v1-2-297.jpg,,LSIatDSAL
298,256,"Scan of page 256 of Vol. 1, Pt. 2",image/jpeg,https://dsal.uchicago.edu/books/lsi/images/lsi-v1-2-298.jpg,,LSIatDSAL
299,257,"Scan of page 257 of Vol. 1, Pt. 2",image/jpeg,https://dsal.uchicago.edu/books/lsi/images/lsi-v1-2-299.jpg,,LSIatDSAL
300,258,"Scan of page 258 of Vol. 1, Pt. 2",image/jpeg,https://dsal.uchicago.edu/books/lsi/images/lsi-v1-2-300.jpg,,LSIatDSAL
301,259,"Scan of page 259 of Vol. 1, Pt. 2",image/jpeg,https://dsal.uchicago.edu/books/lsi/images/lsi-v1-2-301.jpg,,LSIatDSAL
302,260,"Scan of page 260 of Vol. 1, Pt. 2",image/jpeg,https://dsal.uchicago.edu/books/lsi/images/lsi-v1-2-302.jpg,,LSIatDSAL
303,261,"Scan of page 261 of Vol. 1, Pt. 2",image/jpeg,https://dsal.uchicago.edu/books/lsi/images/lsi-v1-2-303.jpg,,LSIatDSAL
304,262,"Scan of page 262 of Vol. 1, Pt. 2",image/jpeg,https://dsal.uchicago.edu/books/lsi/images/lsi-v1-2-304.jpg,,LSIatDSAL
305,263,"Scan of page 263 of Vol. 1, Pt. 2",image/jpeg,https://dsal.uchicago.edu/books/lsi/images/lsi-v1-2-305.jpg,,LSIatDSAL
306,264,"Scan of page 264 of Vol. 1, Pt. 2",image/jpeg,https://dsal.uchicago.edu/books/lsi/images/lsi-v1-2-306.jpg,,LSIatDSAL
307,265,"Scan of page 265 of Vol. 1, Pt. 2",image/jpeg,https://dsal.uchicago.edu/books/lsi/images/lsi-v1-2-307.jpg,,LSIatDSAL
308,266,"Scan of page 266 of Vol. 1, Pt. 2",image/jpeg,https://dsal.uchicago.edu/books/lsi/images/lsi-v1-2-308.jpg,,LSIatDSAL
309,267,"Scan of page 267 of Vol. 1, Pt. 2",image/jpeg,https://dsal.uchicago.edu/books/lsi/images/lsi-v1-2-309.jpg,,LSIatDSAL
310,268,"Scan of page 268 of Vol. 1, Pt. 2",image/jpeg,https://dsal.uchicago.edu/books/lsi/images/lsi-v1-2-310.jpg,,LSIatDSAL
311,269,"Scan of page 269 of Vol. 1, Pt. 2",image/jpeg,https://dsal.uchicago.edu/books/lsi/images/lsi-v1-2-311.jpg,,LSIatDSAL
312,270,"Scan of page 270 of Vol. 1, Pt. 2",image/jpeg,https://dsal.uchicago.edu/books/lsi/images/lsi-v1-2-312.jpg,,LSIatDSAL
313,271,"Scan of page 271 of Vol. 1, Pt. 2",image/jpeg,https://dsal.uchicago.edu/books/lsi/images/lsi-v1-2-313.jpg,,LSIatDSAL
314,272,"Scan of page 272 of Vol. 1, Pt. 2",image/jpeg,https://dsal.uchicago.edu/books/lsi/images/lsi-v1-2-314.jpg,,LSIatDSAL
315,273,"Scan of page 273 of Vol. 1, Pt. 2",image/jpeg,https://dsal.uchicago.edu/books/lsi/images/lsi-v1-2-315.jpg,,LSIatDSAL
316,274,"Scan of page 274 of Vol. 1, Pt. 2",image/jpeg,https://dsal.uchicago.edu/books/lsi/images/lsi-v1-2-316.jpg,,LSIatDSAL
317,275,"Scan of page 275 of Vol. 1, Pt. 2",image/jpeg,https://dsal.uchicago.edu/books/lsi/images/lsi-v1-2-317.jpg,,LSIatDSAL
318,276,"Scan of page 276 of Vol. 1, Pt. 2",image/jpeg,https://dsal.uchicago.edu/books/lsi/images/lsi-v1-2-318.jpg,,LSIatDSAL
319,277,"Scan of page 277 of Vol. 1, Pt. 2",image/jpeg,https://dsal.uchicago.edu/books/lsi/images/lsi-v1-2-319.jpg,,LSIatDSAL
320,278,"Scan of page 278 of Vol. 1, Pt. 2",image/jpeg,https://dsal.uchicago.edu/books/lsi/images/lsi-v1-2-320.jpg,,LSIatDSAL
321,279,"Scan of page 279 of Vol. 1, Pt. 2",image/jpeg,https://dsal.uchicago.edu/books/lsi/images/lsi-v1-2-321.jpg,,LSIatDSAL
322,280,"Scan of page 280 of Vol. 1, Pt. 2",image/jpeg,https://dsal.uchicago.edu/books/lsi/images/lsi-v1-2-322.jpg,,LSIatDSAL
323,281,"Scan of page 281 of Vol. 1, Pt. 2",image/jpeg,https://dsal.uchicago.edu/books/lsi/images/lsi-v1-2-323.jpg,,LSIatDSAL
324,282,"Scan of page 282 of Vol. 1, Pt. 2",image/jpeg,https://dsal.uchicago.edu/books/lsi/images/lsi-v1-2-324.jpg,,LSIatDSAL
325,283,"Scan of page 283 of Vol. 1, Pt. 2",image/jpeg,https://dsal.uchicago.edu/books/lsi/images/lsi-v1-2-325.jpg,,LSIatDSAL
326,284,"Scan of page 284 of Vol. 1, Pt. 2",image/jpeg,https://dsal.uchicago.edu/books/lsi/images/lsi-v1-2-326.jpg,,LSIatDSAL
327,285,"Scan of page 285 of Vol. 1, Pt. 2",image/jpeg,https://dsal.uchicago.edu/books/lsi/images/lsi-v1-2-327.jpg,,LSIatDSAL
328,286,"Scan of page 286 of Vol. 1, Pt. 2",image/jpeg,https://dsal.uchicago.edu/books/lsi/images/lsi-v1-2-328.jpg,,LSIatDSAL
329,287,"Scan of page 287 of Vol. 1, Pt. 2",image/jpeg,https://dsal.uchicago.edu/books/lsi/images/lsi-v1-2-329.jpg,,LSIatDSAL
330,288,"Scan of page 288 of Vol. 1, Pt. 2",image/jpeg,https://dsal.uchicago.edu/books/lsi/images/lsi-v1-2-330.jpg,,LSIatDSAL
331,289,"Scan of page 289 of Vol. 1, Pt. 2",image/jpeg,https://dsal.uchicago.edu/books/lsi/images/lsi-v1-2-331.jpg,,LSIatDSAL
332,290,"Scan of page 290 of Vol. 1, Pt. 2",image/jpeg,https://dsal.uchicago.edu/books/lsi/images/lsi-v1-2-332.jpg,,LSIatDSAL
333,291,"Scan of page 291 of Vol. 1, Pt. 2",image/jpeg,https://dsal.uchicago.edu/books/lsi/images/lsi-v1-2-333.jpg,,LSIatDSAL
334,292,"Scan of page 292 of Vol. 1, Pt. 2",image/jpeg,https://dsal.uchicago.edu/books/lsi/images/lsi-v1-2-334.jpg,,LSIatDSAL
335,293,"Scan of page 293 of Vol. 1, Pt. 2",image/jpeg,https://dsal.uchicago.edu/books/lsi/images/lsi-v1-2-335.jpg,,LSIatDSAL
336,294,"Scan of page 294 of Vol. 1, Pt. 2",image/jpeg,https://dsal.uchicago.edu/books/lsi/images/lsi-v1-2-336.jpg,,LSIatDSAL
337,295,"Scan of page 295 of Vol. 1, Pt. 2",image/jpeg,https://dsal.uchicago.edu/books/lsi/images/lsi-v1-2-337.jpg,,LSIatDSAL
338,296,"Scan of page 296 of Vol. 1, Pt. 2",image/jpeg,https://dsal.uchicago.edu/books/lsi/images/lsi-v1-2-338.jpg,,LSIatDSAL
339,297,"Scan of page 297 of Vol. 1, Pt. 2",image/jpeg,https://dsal.uchicago.edu/books/lsi/images/lsi-v1-2-339.jpg,,LSIatDSAL
340,298,"Scan of page 298 of Vol. 1, Pt. 2",image/jpeg,https://dsal.uchicago.edu/books/lsi/images/lsi-v1-2-340.jpg,,LSIatDSAL
341,299,"Scan of page 299 of Vol. 1, Pt. 2",image/jpeg,https://dsal.uchicago.edu/books/lsi/images/lsi-v1-2-341.jpg,,LSIatDSAL
342,300,"Scan of page 300 of Vol. 1, Pt. 2",image/jpeg,https://dsal.uchicago.edu/books/lsi/images/lsi-v1-2-342.jpg,,LSIatDSAL
343,301,"Scan of page 301 of Vol. 1, Pt. 2",image/jpeg,https://dsal.uchicago.edu/books/lsi/images/lsi-v1-2-343.jpg,,LSIatDSAL
344,302,"Scan of page 302 of Vol. 1, Pt. 2",image/jpeg,https://dsal.uchicago.edu/books/lsi/images/lsi-v1-2-344.jpg,,LSIatDSAL
345,303,"Scan of page 303 of Vol. 1, Pt. 2",image/jpeg,https://dsal.uchicago.edu/books/lsi/images/lsi-v1-2-345.jpg,,LSIatDSAL
346,304,"Scan of page 304 of Vol. 1, Pt. 2",image/jpeg,https://dsal.uchicago.edu/books/lsi/images/lsi-v1-2-346.jpg,,LSIatDSAL
347,305,"Scan of page 305 of Vol. 1, Pt. 2",image/jpeg,https://dsal.uchicago.edu/books/lsi/images/lsi-v1-2-347.jpg,,LSIatDSAL
348,306,"Scan of page 306 of Vol. 1, Pt. 2",image/jpeg,https://dsal.uchicago.edu/books/lsi/images/lsi-v1-2-348.jpg,,LSIatDSAL
349,307,"Scan of page 307 of Vol. 1, Pt. 2",image/jpeg,https://dsal.uchicago.edu/books/lsi/images/lsi-v1-2-349.jpg,,LSIatDSAL
350,308,"Scan of page 308 of Vol. 1, Pt. 2",image/jpeg,https://dsal.uchicago.edu/books/lsi/images/lsi-v1-2-350.jpg,,LSIatDSAL
351,309,"Scan of page 309 of Vol. 1, Pt. 2",image/jpeg,https://dsal.uchicago.edu/books/lsi/images/lsi-v1-2-351.jpg,,LSIatDSAL
352,310,"Scan of page 310 of Vol. 1, Pt. 2",image/jpeg,https://dsal.uchicago.edu/books/lsi/images/lsi-v1-2-352.jpg,,LSIatDSAL
353,311,"Scan of page 311 of Vol. 1, Pt. 2",image/jpeg,https://dsal.uchicago.edu/books/lsi/images/lsi-v1-2-353.jpg,,LSIatDSAL
354,312,"Scan of page 312 of Vol. 1, Pt. 2",image/jpeg,https://dsal.uchicago.edu/books/lsi/images/lsi-v1-2-354.jpg,,LSIatDSAL
355,313,"Scan of page 313 of Vol. 1, Pt. 2",image/jpeg,https://dsal.uchicago.edu/books/lsi/images/lsi-v1-2-355.jpg,,LSIatDSAL
356,314,"Scan of page 314 of Vol. 1, Pt. 2",image/jpeg,https://dsal.uchicago.edu/books/lsi/images/lsi-v1-2-356.jpg,,LSIatDSAL
357,315,"Scan of page 315 of Vol. 1, Pt. 2",image/jpeg,https://dsal.uchicago.edu/books/lsi/images/lsi-v1-2-357.jpg,,LSIatDSAL
358,316,"Scan of page 316 of Vol. 1, Pt. 2",image/jpeg,https://dsal.uchicago.edu/books/lsi/images/lsi-v1-2-358.jpg,,LSIatDSAL
359,317,"Scan of page 317 of Vol. 1, Pt. 2",image/jpeg,https://dsal.uchicago.edu/books/lsi/images/lsi-v1-2-359.jpg,,LSIatDSAL
360,318,"Scan of page 318 of Vol. 1, Pt. 2",image/jpeg,https://dsal.uchicago.edu/books/lsi/images/lsi-v1-2-360.jpg,,LSIatDSAL
361,319,"Scan of page 319 of Vol. 1, Pt. 2",image/jpeg,https://dsal.uchicago.edu/books/lsi/images/lsi-v1-2-361.jpg,,LSIatDSAL
362,320,"Scan of page 320 of Vol. 1, Pt. 2",image/jpeg,https://dsal.uchicago.edu/books/lsi/images/lsi-v1-2-362.jpg,,LSIatDSAL
363,321,"Scan of page 321 of Vol. 1, Pt. 2",image/jpeg,https://dsal.uchicago.edu/books/lsi/images/lsi-v1-2-363.jpg,,LSIatDSAL
364,322,"Scan of page 322 of Vol. 1, Pt. 2",image/jpeg,https://dsal.uchicago.edu/books/lsi/images/lsi-v1-2-364.jpg,,LSIatDSAL
365,323,"Scan of page 323 of Vol. 1, Pt. 2",image/jpeg,https://dsal.uchicago.edu/books/lsi/images/lsi-v1-2-365.jpg,,LSIatDSAL
366,324,"Scan of page 324 of Vol. 1, Pt. 2",image/jpeg,https://dsal.uchicago.edu/books/lsi/images/lsi-v1-2-366.jpg,,LSIatDSAL
367,325,"Scan of page 325 of Vol. 1, Pt. 2",image/jpeg,https://dsal.uchicago.edu/books/lsi/images/lsi-v1-2-367.jpg,,LSIatDSAL
368,326,"Scan of page 326 of Vol. 1, Pt. 2",image/jpeg,https://dsal.uchicago.edu/books/lsi/images/lsi-v1-2-368.jpg,,LSIatDSAL
369,327,"Scan of page 327 of Vol. 1, Pt. 2",image/jpeg,https://dsal.uchicago.edu/books/lsi/images/lsi-v1-2-369.jpg,,LSIatDSAL
370,328,"Scan of page 328 of Vol. 1, Pt. 2",image/jpeg,https://dsal.uchicago.edu/books/lsi/images/lsi-v1-2-370.jpg,,LSIatDSAL
371,329,"Scan of page 329 of Vol. 1, Pt. 2",image/jpeg,https://dsal.uchicago.edu/books/lsi/images/lsi-v1-2-371.jpg,,LSIatDSAL
372,330,"Scan of page 330 of Vol. 1, Pt. 2",image/jpeg,https://dsal.uchicago.edu/books/lsi/images/lsi-v1-2-372.jpg,,LSIatDSAL
373,331,"Scan of page 331 of Vol. 1, Pt. 2",image/jpeg,https://dsal.uchicago.edu/books/lsi/images/lsi-v1-2-373.jpg,,LSIatDSAL
374,332,"Scan of page 332 of Vol. 1, Pt. 2",image/jpeg,https://dsal.uchicago.edu/books/lsi/images/lsi-v1-2-374.jpg,,LSIatDSAL
375,333,"Scan of page 333 of Vol. 1, Pt. 2",image/jpeg,https://dsal.uchicago.edu/books/lsi/images/lsi-v1-2-375.jpg,,LSIatDSAL
376,334,"Scan of page 334 of Vol. 1, Pt. 2",image/jpeg,https://dsal.uchicago.edu/books/lsi/images/lsi-v1-2-376.jpg,,LSIatDSAL
377,335,"Scan of page 335 of Vol. 1, Pt. 2",image/jpeg,https://dsal.uchicago.edu/books/lsi/images/lsi-v1-2-377.jpg,,LSIatDSAL
378,336,"Scan of page 336 of Vol. 1, Pt. 2",image/jpeg,https://dsal.uchicago.edu/books/lsi/images/lsi-v1-2-378.jpg,,LSIatDSAL
379,337,"Scan of page 337 of Vol. 1, Pt. 2",image/jpeg,https://dsal.uchicago.edu/books/lsi/images/lsi-v1-2-379.jpg,,LSIatDSAL
